text,rating
"对不起，我实在是无法接受这个结局。
",bad
"从哈一到哈七。。。水平依次下降。。越写越不如前，作家都免不了这样的杯具么？
",bad
"这套书根本就是在宣扬扭曲的价值观吧
",bad
"翻译太烂。和上一本一样，还比不上网译版本。
",bad
"糟透了
",bad
"什么破结局！
",bad
"2星指翻译！翻译得还不如网上的
",bad
"我很后悔买了这书
",bad
"书越来越厚，却没有第一次拿起的心情，后面的都不怎么好看了，最后一步挣扎了很久还是决定有始有终
",bad
"情节不连贯，罗琳依旧采用在最后几章揭谜底的方法来为小说自圆其说，但是无法掩饰哈利在情节上的苍白。哈利终究只是一部畅销书，却无法成为一部经典。
",bad
"吐都吐不出……
",bad
"伤心除了斯内普把亲爱的校长大人说成这样
",bad
"我希望哈五六七是三部同人，真诚地。
",bad
"讨厌这种结尾...那么多人凭什么不明不白死了...
",bad
"毕业了
",bad
"为毛让教授当个情圣还悲惨的挂掉。tnnd
",bad
"罗琳在还是无法胜任最后一部的写作，是她水平还不到还是没有认真写？
",bad
"少兒讀物
",bad
"这个和之前的完全没法比，感觉越来越有糊弄小孩的趋势，不过可能是因为我年龄的问题。看哈1才上小学四年级，看哈7已经高中三年级了
",bad
"狗血剧情。。。
",bad
"斯内普死得时候很感动。
",bad
"系列里，最差的一本，能看出来罗琳对波特烦透了
",bad
"说实在的，没看懂 -_-b
",bad
"咬牙看完的，为的是看电影接的上。毫无快感，罗琳大妈般的磨磨唧唧，故作煽情的描写，真是终于结束了。
",bad
"莫名其妙的哈金恋 恨
",bad
"狗血
",bad
"KJ让我失望了
",bad
"仓促的结局，令人无法满意呢
",bad
"有始有终，撑着看完滴
",bad
"我是有偏见的，对于匆忙的结尾，特别是卢平他们的死
",bad
"骗我钱。。。虽然心甘情愿。。。。
",bad
"才发现八年前的我还是挺直白，没有因为感伤和怀念乱打高分。
",bad
"还好啦~尽管结局都是意料之中的！~
",bad
"明显黔驴技穷
",bad
"傻逼翻译
",bad
"凸=""=凸
",bad
"闡述性（說明性）太強，與以往一樣，情節不連貫（脫節）。沒有特別令人驚訝或震驚的東西。通過熟悉的角色和懷舊情緒獲得更多力量，而不是通過新的發展或理解。也許羅琳更關心的是結束，而不是構建一個更複雜的故事——尾聲尤其讓人感覺是在試圖為故事做一個徹底的、毫不含糊的結束。不幸的是，它很可能無法阻止問題的出現，也無法讓人們的疑問得到解決。我猜她是想取悅她的粉絲，但她有很多人要取悅。希望她能取悅其中的一些人，但我感到失望的是，隨著這個系列接近尾聲，它變得不那麼古怪/離奇和以角色為導向，而是更加可預測和更老套。我希望她能寫出一本有趣的、大膽的書，但這個結局非常安全，沒有羅琳有時會設法實現的那種令人驚訝的情節轉折。話雖如此，她可能很高興在這麼多年後能夠擺脫它。我確實祝賀她趁機脫身。
",bad
"第七本J.K. Rowling。补标。高二暑假。［075］
",bad
"我怎么看完一点感触都没有感触呢？而且到后来还感觉稍假~~这是怎么了？我老了么……
",bad
"我觉得哈利波特越读越没以前吸引人了
",bad
"越看越没意思的一部作品···
",bad
"读的网友译版，老哈和老邓都笑了。
",bad
"很烂
",bad
"2星半，主角怎么打都会䇔，看不出老邓的计划强在哪。还有，最后哈利装死那段时间内，大家也都和老伏打得不可开交啊，老伏也没传说的那么可怕呀。各种不合理，总算看完，煎熬。
",bad
"我不明白这货为什么有这么大的吸引力！！！！为什么！！！！！
",bad
"过度的心理描写让剧情连续感减弱，我认为这本是哈利波特系列里最失败的一本。
",bad
"一直作为我不能理解的系列存在着……
",bad
"真没什么好评价的，真的和魔戒不是一档次，就是儿童文学
",bad
"节奏全面崩盘，找魂器推动尚可圣器全靠天启，某些角色死得可有可无毫无意义，决战几章草草收尾boss一死食死徒做鸟兽散戛然而止，看到十九年后一脸愕然。反正爱可以解决一切咯┐(￣ー￣)┌十年前的JKR写不好大格局希望十年后的神奇动物能收个好尾。
",bad
"现在想想也就这样。
",bad
"罗琳女士没有给我们一个令人信服的结尾。读它仅仅是惯性使然。
",bad
"已经明显感到罗琳无法驾驭这个系列了，斯内普的反复和邓布利多的死说实话从逻辑上说不清，最后这种从头到尾的压抑甚至到结束都感觉走不出伦敦的大雾，从阿兹卡班以后，罗琳就才华尽失了
",bad
"实在对科幻类无感
",bad
"剧透看了太多...完全米悬念...
",bad
"我是来拉低它评分的。。。
",bad
"他给了我一个对于我来说叫做悲剧的结尾
",bad
"小时候看的...
",bad
"当时买了本盗版20吧，看了几页就不想看了，越来越长，跟裹脚布似得
",bad
"不是她退步了，只是我长大了
",bad
"err
",bad
"开头很一般，据说后面还好，不过我是真的没动力了
",bad
"觉得结局太突然仓促。
",bad
"即使再情怀，我不能对我小学等了一年等到初一买到的这本书喂给我的一口巨屎释怀，是的我是哈赫党。
",bad
"既不喜欢结尾
",bad
"初中看的  现在没感觉了
",bad
"不喜欢吟游诗人的传说~江郎才尽
",bad
"我的小德！！！
",bad
"其实结尾真的没有期待中的好
",bad
"毁三观
",bad
"压缩面包
",bad
"越写越差
",bad
"从头到尾宣扬“爱与勇气”的白痴童话
",bad
"一点也不宏伟壮阔，即使是用第三人称也没能塑造出宽阔的魔法世界。有些描写太过多余。。。
",bad
"主线和传说中一样紧凑，紧凑得让人不知所措
",bad
"我觉得这本烂尾了
",bad
"还是看电影吧
",bad
"肤浅宣扬博爱的幼儿冒险，十九年后也依然存在歧视和偏见，麻瓜都不能被叫泥巴种，斯莱特林就能随便标签化为邪恶的黑魔法，食死徒。呵呵，真是双标，魔法药丸。
",bad
"不喜欢结尾，略仓促
",bad
"看过。。
",bad
"势弱矣。
",bad
"差
",bad
"追了前六本，到这里，却如鸡肋一般。
",bad
"想到卢平教授将要离开我们，即使罗琳再写哈八，估计我也不会再看了。
",bad
"结局太烂，剧情太糟糕
",bad
"作为最后一本的哈利系列图书，很显然已失去了其第一本面世的时候所带给我的乐趣。错漏百出牵强附会的故事，童话毕竟还是童话。
",bad
"越到后面越没意思
",bad
"诶诶
",bad
"自以为是的人的代表作
",bad
"一般
",bad
"实在难以令人满意的结束，最后一本书里机械降神用的太多了。
",bad
"儿童文学完了。
",bad
"Is very 难看
",bad
"其实这个故事很弱智。想想果然中二时候才会喜欢啊。
",bad
"评分当然是给翻译质量的。
",bad
"陪伴10年走过的路，让我由记起什么的话，可能有个法师在能中喊着“除你武器”
",bad
"苟富贵
",bad
"地方法
",bad
"草草收尾
",bad
"一点也不推荐。这样就没有结局了。
",bad
"斯内普死了，不开心
",bad
"伏地魔那段看笑我
",bad
"不是我喜欢的路线
",bad
"平衡一下
",bad
"教授死了过于伤心Ծ‸Ծ差评
",bad
"@2008-11-21 21:38:38
",bad
"差到想吐
",bad
"“阿不思•西弗勒斯，你的名字中含有霍格沃茨两位校长的名字。其中一个就是斯莱特林的，而他可能是我见过的最勇敢的人。”
",good
"哈利波特原本就是一套适合从11，12岁读到20出头的系列，我们有幸赶上这个时代，和小主人公们一起沉淀，一起成长；我们的内心也变得丰满完整，懂得了友谊的珍贵与勇气的可贵，懂得了爱与坚持！这些是一口气囫囵吞枣读完这部作品的人不可能拥有的感受；梦终将醒，让我们用十年的时间忘记，我们永远是麻瓜
",good
"这本书是我高三的时候在Amazon买的预售，和一枚小小的金色飞贼一起到来，用了3天读完，就再也没有勇气看第二遍，当时我好像还改了一条签名：他爱了莉莉一辈子。周末两天和同事窝在311连看了8部HP电影，她们没有怎么读过原著，或者没有像我一样从11岁看第一本书到21岁看最后一部电影，看电影的时候我时常跟他们解释或者剧透，告诉他们原著里这里不是这样的，电影里这种的也不错，啊如果当时没有选丹尼尔也就不会有现在的矮大叔之类了。直到最后一部，原来喉头发紧说不出话是真的。我到现在还记得五年级的时候拿到第一本哈利波特的时候被封面吸引的感觉，还记得我一个人去看最后一部电影的时候坐在电影院中间看着弗雷德、卢平、唐克斯、还有斯内普一个个离开。TT。十年一梦。
",good
"邓布利多死得值了，结尾够曲折。邓布利多与格林德沃……一个世纪的爱与恨，这么有料的CP，发展个番外吧。
",good
"休憩33rd.当初刚出七，我买来英文版艰辛啃完，泪流满面，今天我第一次读中文版，于是在魔都旅馆床上，放声大哭
",good
"所有爱唱反调的胖友们，你们都没试过给疯姑娘卢娜的《唱唱反调》投稿吗？
",good
"基本上一如预想。罗琳笔下的主要角色——除了铁三角是标准成长故事的逐步成长外——其他的都经历了一个从认识表象到探究内里的过程。不管是对邓布利多完美形象的逐步解构与崩塌，还是对斯内普让一堆人不满让另一堆人感动的大无间，以致他父亲母亲以及所有上一代人，都经历了这种双重的描写。对哈利心中权威的颠覆（从他心中父亲的完美形象在回忆中崩坏以致第七部中贯穿全文的邓布利多的过去），到对所有反派的理解（不管是斯内普的苦恋还是伏地魔的少年时期甚至还包括了哈利对马尔福厌恶的总算消解）。这种说是复杂——但其实又套路明显的双重形象在罗琳对人物的描写中完成了统一。另外讲，这套东西，更适合的阅读方式确实是让他伴随着自己的成长，而不是一把年纪了才带着成年人的眼光看。
",good
"//阿布思·西弗勒斯，你的名字中含有霍格沃茨两位校长的名字，其中一位就是斯莱特林的，而他可能是我见过的最勇敢的人。//这里安睡着多比，一个自由的小精灵。└(T_T;)┘
",good
"走吧走吧 人总要学着自己长大
",good
"最感动的情节是多比的死亡和哈利的面对死亡的表现．
",good
"无论何时何地，爱与勇气都不可忘却。
",good
"多年以后才想起来看结局，马上就沦陷了。和初中时候一样，一开始看就满眼幻觉，四点爬起来看书这种事情只有在这时候才能发生了。
",good
"all as well，一套看了近十年的书，JK罗琳用十年的时间让我们忘记了自己永远只是一个麻瓜的事实。
",good
"每翻一页便是与你的告别。我不想同你告别。那瑰丽堂皇的永不言弃的世界。我不想同你们分开。| 消失的东西去了哪里。化为虚无。或者说。化为所有。
",good
"几年后重新看了最后的几章，在这热得要死的梅雨终焉，在东瀛的小小房子中依旧看得热泪盈眶，哈利是真正的领袖，真正的领袖并不是充满贪欲的权利追求者，而是愿意站在最前面承受所有挑战与试炼，并不奢求回报的人，充满同理心，坚信爱与真理的力量。爱与勇气才是最大的魔法，帮助我们征服死亡，越过重重的试探，就像主耶稣基督那般，终能得胜成王
",good
"再也沒有哈利波特了.多讓人傷心.
",good
"我觉得2018年1月，我打开豆瓣读书的年终总结页面，可能会发现17年我一共读过七本书，哈利波特1-7。。
",good
"哈利还是那个哈利，纳威已经不是那个纳威了。
",good
"赶在去大阪的前一天重温完了这套书。为了把大布局收尾，罗琳硬生生编出两个“N大”设定，这是让线索合理化的最简单技巧。但能完成得不崩已经很厉害。最喜欢的角色之一死了。主次人物的上下限也一直在约束。但当我走进USJ的霍格莫德村，真像回了家的感觉。这时才发现任何写作技巧，都不如情感。
",good
"我用六个小时读完了《哈利波特与死圣》。中文版的。中间只站起来喝了一口水。合上书时人都要虚脱了。
",good
"我所看过的最杰出的一部通俗文学。
",good
"卢平，教授，一路走好
",good
"一个时代的完结
",good
"2020年重读08:故事结束了，难过的时候我会拿出来读读，因为还相信某些就像书里所说早已被耻笑的东西，是因为这些才想在这样艰难的人生里活下去。某些you know who们永远也无法理解的东西，某些精致的利己主义者们，强权者的走狗们无法理解的东西，他们耻笑这个，更相信《黑暗森林》那套，但他们永远不懂，这时候无法平静的心，感谢罗琳带来的慰藉，记住爱，总有希望的。
",good
"想写的太多来不及交代完的感觉，还有还我的双胞胎！
",good
"终于看完了，斯内普是最大的剧情了，总体来说，越来越烦哈利波特本人。。
",good
"呜呜呜哭了好几次。
",good
"在哈利三人组开始毫无头绪的逃亡之后，作者又试图不断用圣器魂器这类名词混淆读者的思路，但最终，还是以哈利在决斗中消灭了伏地魔而告终，这其实是一个在第一部开始就注定了的结局。可恨的是罗琳还拉了很多无辜的配角作牺牲品，其中韦斯莱家那对可爱的双胞胎一死一残，令人很不满意！倒是斯内普，终于没有让我的预感成空~~``
",good
"毕竟是大结局……
",good
"很高兴我们能和全世界的孩子一起见证我们童年的快乐和回忆，以及一起画上的还算圆满的句号。
",good
"要是所有的书我都能读得那么快就好了：去大马出差了四天，等飞机看，吃饭看，坐车看，等人看，工作完了回宾馆继续看，看着看着六百页就看完了，回到曼谷正好周三电影半价日，good timing~~~
",good
"最后知道真相的我眼泪掉下来
",good
"2009.02.12.和这套书里的主人公一起长大了。在小说全部读完之后，有一种终于长大和童年告别的不舍感。故事里的大家都有像浴火重生了，就像邓不利多的凤凰。虽然有的人死去，但又有人新生，还是Happy Ending好。
",good
"结束了
",good
"我怎么会没标过已读……（我永远爱哈利波特）
",good
"总感觉伏地魔太蠢了，也罢，谁让他是儿童文学里的坏人呢。。。7本哈利波特，到此，终于全部读完了
",good
"啊居然就完了就完了=- -！
",good
"扣一分是因为赫敏居然和罗恩在一起了，为什么不是克鲁姆
",good
"结束了青春童话的一部份。
",good
"十一月重读哈利波特计划，顺利完成！看完只想说：哈利波特万岁！五年后再见！
",good
"终于，终于。
",good
"7
",good
"这本就俗套了呢
",good
"二刷。听到快大决战的部分已经半夜，想着不看完今晚是睡不着了，就拿起手机开始接着看。真的很感谢罗琳给的这个结局，无论前面剧情多么坑爹节奏多么拖沓。我深深喜欢过的那么几部系列长篇只有罗琳起码给了一个不敷衍的结局，一个真正地填了主要坑的结局。又给后续的故事留了可能。希望罗琳长命百岁地写下去，让这个魔法世界无限延伸。
",good
"All was fine. And it's my final final.
",good
"纠结的Snape啊。。。
",good
"Severus
",good
"阿姨您太同人了
",good
"超帅超漂亮超好看..
",good
"结尾有点仓促..
",good
"哎
",good
"陪伴我成长的故事……真的完结了……
",good
"七本都看鸟。。
",good
"！！！还我弗雷特！！！…………
",good
"十年后才看到大结局。失望。
",good
"狗尾~
",good
"呀。终于把7本哈利波特看完了。
",good
"结局不喜欢
",good
"大概算是一个俗套而……美好的结局
",good
"没有原先疯狂的感觉了，只是顺着原先的惯性吧
",good
"小时候读到废寝忘食的哇
",good
"星云雨果合集（下）
",good
"人物形象终于完整，可惜情节安排凌乱。
",good
"看过英文版之后就对中文版不那么感兴趣了……
",good
"悲情的斯内普。“那我的灵魂呢？邓布利多？我的呢”当属全书最有分量的话，沉重地压在我心上。
",good
"闹闹哄哄的，终于收场了，如释重负。
",good
"闭着目承认故事看完
",good
"2010年我最期盼的一部电影就是哈7，因为这么多年，他们长大了，我也长大了，我只想看看他们三个现在怎样了，我去到电影院听听他们最近的故事|我是多么不希望看完终结本~
",good
"终于结束了。。
",good
"我读得太快了，完全是忽略细节在追剧情。这本书是该系列信息量最大的一本，罗琳阿姨写这本书算是一种大爆发，把这么多年来的构思都了结了。
",good
"ಠ益ಠ
",good
"
",good
"全家是情圣
",good
"原作文字的力量远远超过电影的影像。爱与勇气能够战胜死亡，这种仿佛说腻了的陈腔滥调在经历了生离死别之后，随着少年的成长而愈发的闪光。在那么多离开的生命之中最难过的是多比，一个自由的小精灵。这么多年过去了，而霍格沃滋将永远守卫着一方净土。
",good
"大结局
",good
"这本哈利波特是我唯一一本花了一年时间才读完的……因为中途是高考，加上我对哈利波特的感情在坠机般的下降
",good
"@20110802
",good
"每到暑假就忍不住重温一下。。
",good
"书确实比电影精彩多了，不过偶们不能拿书要求电影不是。。。后三部很好，链接成一个宏大的故事～
",good
"这就结束了啊...太感慨了。。。呃看完英文版再看中文就忍不住一直在挑刺。。。
",good
"补标。十年前吧。当时特别喜欢霍格沃茨保卫战，里面有太多太多的细节了，韦斯莱家真的是珍宝一样的存在。唯一的不解就是为什么要把邓布利多的黑历史与格林德沃讲出来，现在发现......都是爱情！
",good
"十九年后。
",good
"邓布列多是个计划通啊 和斯内普部署的计划一步一步实现 甚至牺牲自己去打败伏地魔 而哈利在这个过程中也着实很痛苦 因为想不到邓布列多到底要干什么 还好赫敏一直陪着他 原著中的斯内普的形象实在难看 但好在电影中的演员发挥了人格魅力 虽然电影中的金妮 我也不喜欢 说好的校花呢 纳威自霍格沃茨一战之后也名垂青史 这让隆巴顿夫人很骄傲了吧 而他还在学校里当草药科教授 很棒了 而德拉科家也会与波特家纠缠下去吧 但他们不会忘记哈利救了马尔福两次
",good
"15岁以前每年最开心事的就是等待哈利波特！
",good
"就这么 就这么 完结了...
",good
"小学运动会，YZF同意周末借给我回家看，我超开心。午后读完，不舍合卷。
",good
"意犹未尽。几个比较意外的点：与德思礼一家分别时刻，达力意外的感恩；赫敏的S.P.E.W终于在最后一刻发挥了作用，多比的牺牲也让人异常心痛；纳威·隆巴顿带给人太多惊喜，从第一部的冒失鬼逐步成长为咒语不落下风、关键时刻斩断蛇头的关键人物，最终成为教师，真的是没有让他父母失望；斯内普的身上隐藏了太多复杂的情感，让他愈发自我封闭，只有在邓布利多面前才能倾诉，故事到最后用整整一章为他洗白，也是给他一言难尽的一生划上了句号吧；哈利与伏地魔之间的联系略微有些复杂，也直接导致了双方的对垒与胜负态势无法看清，故事依旧沿用了第一部“唯有不去想、不打算利用它的人，才能真正得到它”的理念，虽然有些不新鲜，倒也是真理；一直以为哈利会跟赫敏在一起，结果居然是金妮，孩子则起名叫了阿不思·西弗勒斯，也是意义十足了...
",good
"终于看完了，弥补青春的回忆，做一个勇敢正直的人。
",good
"终于重读完了，啊，小时候记忆深刻的点（which is哭点），仍然让人热泪盈眶啊，就是纳威，我是真的很高兴看到平凡的小人物的伟大瞬间啊
",good
"2000年出版，七年后完结。我却故意把整个故事的结局又拖了六年。不过，一切的冒险还是成长都终于结束了。Blessing u ...
",good
"补上这堂魔法课
",good
"终于看完了
",good
"出一本，买一本，每年暑假拿出来重温一遍。儿童文学的老师说，它不具有文学性，但那又怎样呢？斯内普真是大逆转啊~
",good
"作为一个结局，罗琳阿姨有一点用力过度了……
",good
"童年结束了。虽然第七部构思很奇妙，布局也很优秀，但是总觉得很遗憾，哪里缺了一点，反而没有小时候的感动。可能变的不是harrypotter，变的是我自己
",good
"补，我读书很少哭，但第一遍读到海格抱着哈利走在草地上的情节，不禁流泪。书上还留着十几年前的泪痕。
",good
"伟大之处在于西弗勒斯的塑造，魂器的呼应，魔幻界最精彩的战争之一，不输魔戒
",good
"=v=谢谢帮我买到它的人。熬夜也要看完的，很舍不得的故事。
",good
"死亡圣器的故事是完满的结局，那么多鲜活可爱的角色，那么多九曲回肠的传奇，伴随着自高自大丑态尽显的伏地魔找到了自己最好的归宿，铁三角的崩解重塑、邓校的运筹帷幄、双子的无畏、多比的忠诚、不被强势左右的纳威与格兰芬多之剑…如果不是黑魔王的一路走低和毫无下限，我想这本书、这系列就真的能够完美无憾了。很少有作者能够在七部连续作品中将高水平一以贯之，罗姨做到了。我想不仅是因为她的无出其右的文学素养，更是因为她热爱HP的程度超过了所有人。霍格沃兹，Always.
",good
"尼玛再吼一次，罗琳你TM少弄死个人，你书会卖不出去么！！
",good
"宏大的多卷魔咒书终于落幕了，每个人物都有详细且合理的交待安排，哈利也成家生子了。。。不知道会不会有续集呢？
",good
"|4497:2456|
",good
"我居然没有标记这本我已经读过?!
",good
"花了7年终于完结  JK罗琳把一个童话故事变成了现实小说...顺便缅怀我的青春小鸟一去不复还
",good
"大爱
",good
"过了这么多年，终于读了。
",good
"陪伴着我长大的一个系列,看完之后一时间有点惆怅
",good
"终于狠下心鼓起勇气把最后的大决战看了，果然电影还是只能自己在屋里下下来看，看书时候哭得那个造孽哟~
",good
"用重读缅怀流逝的十年
",good
"和青春一起的回忆划上句号～～
",good
"故事的终结，哈利的十七岁和我的十七岁，一起结束了。我还记得中译版没出来我不自量力啃了几页原文，因为当时英文不济，暑假里又转而追网上民翻；因为民翻压力而比预计时间提前出版的实体版错误不少，可我还是一出版就跑去书城买，买回来却不忍心翻开。
",good
"跟了这么多年，哈利.波特系列总算尘埃落定。最后一本少了些悬念，最后的决战也比较仓促，不知是期望过高还是怎地。反正觉得不如前几本精彩。
",good
"厄里斯魔镜——献给霍格沃兹最伟大的校长。
",good
"不希望结束
",good
"从童年一直延续至今的追踪终于有了一个答案～
",good
"最后的最后，好大团圆哪。那么多人不在了，但他们三个还是团圆了。
",good
"结局个人认为不好…不过作为流行青少小说，这样就够了。
",good
"直到最后的最后
",good
"这个结局在侮辱我的智商
",good
"读过了之后有一点小失望。也许原版的能给人更美好的阅读感？所以还是需要好好修炼英语==粉丝们猜对了结尾的大半，而过程依然不可能被他们全部猜中的。一些章节读起来怪怪的，一些章节读起来伤心……但是再也不像前六部那样，因为开心的章节实在是太少了。这就像是世界杯小组赛一样，你早早就知道有那么一场决赛，立志要争到雷米特杯可是那场比赛比起小组选拔赛看起来实在是索然无味。
",good
"结束
",good
"我不得不承认，那一只牝鹿把我感动了。
",good
"邪恶终究没有办法战胜正义
",good
"（T）一塌糊涂，无论读者抑或作者还是都需放平心态，将其当做儿童文学吧
",good
"尽管结局你不能免俗哇
",good
"地铁上啃完，俨然没了十年前初见的marvelous 的感觉。
",good
"谁来和我聊聊这个故事……看完没人交流很痛苦
",good
"还好，最后有点拖拉，在自圆其说。
",good
"终于完结了，看的心头一揪一揪。我心爱的双胞胎和斯内普。。。人物众多，看的有点晕，想构架起庞大的人物框架但是对人物的描写又单薄了点。结局是翻了几个身终于赢了可是我觉得伏地魔才不会那么笨呢，啊啊啊还是要高喊：还我斯内普！哈利的二儿子叫阿布思·西弗勒斯，心酸
",good
"终于让我给看到了..
",good
"Never end
",good
"向罗琳致敬。
",good
"英文版看得真爽！
",good
"斯内普
",good
"受不了那谁和那谁还有那谁的死..
",good
"虽然颇有非议，终于是这样结束了。
",good
"为什么非要写点评，疼讯好烦。
",good
"终于读完最后一部了,可以说是一个了结.值.
",good
"对于赫敏没有和马尔福在一起，我耿耿于怀。而且最后对马尔福德归宿寥寥带过，让我有点伤心哪~
",good
"读了英文的，不准备读中文的了
",good
"再折磨一次要疯了
",good
"结局..我我我不算太喜欢
",good
"Mark高三时偷偷看？还有个同学看哭了
",good
"结局有点仓促，不过还好
",good
"8年时间，终于终结
",good
"果然没有看错斯内普。像亮司一样的男人。
",good
"什么都不用说了吧
",good
"曾看了三遍   （虽然还是记不住名字= =
",good
"高进同学给背回来的原版......我还是没有等到小天狼星复活......sigh
",good
"哈利波特系列的最终升华！
",good
"这是一个读过青春的童话啊~
",good
"哈利都谢顶了~
",good
"高三看完，结局还是很温暖，导向正确。能写出来是多么幸福的事情。
",good
"结尾颠覆了儿童读物的感觉……
",good
"最惊险最传奇的一本
",good
"精彩，动人，忠于哈利的人会得到特别的感动
",good
"最后的一部，最爱的一部，最光明的一部，最不舍的一部。
",good
"终于写完了~很好看~我觉得后面写的比电影的好看~
",good
"那个十九年。。。
",good
"伏地魔死的很简单啊。。大概是罗琳想就此停手吧 其实还有点为之惋惜呢~
",good
"狠心的作者最讨厌了
",good
"最后一本啦……当时第一时间冲到书店去买，买回来还不敢看，因为看完，就再也没有续集可期待了…现在连电影的最后一集都要上映了，因为签证问题不能去看首映礼好悲催…
",good
"爱上了斯内普！
",good
"信息量最大的一本，很多内容突然展开，匆匆交代，不如之前严谨。不过依旧是个不错的结局，文字比电影激动人心。
",good
"最後被愛與力量包圍。熱淚盈眶。
",good
"全部看完了~~最喜欢第三部和这个最后一部。第三部胜在结构，最后这部胜在节奏。总算让我感觉不拖沓了呀~~看完对邓布利多还是心存疑惑。一直到哈利被伏地魔击中，在国王十字车站里与邓布利多的交谈之前，邓布利多的形象才在我心里正面了一点。不然我实在觉得他更像是一个谋略家、政治家。。。为了打败伏地魔，他身上依然有少年时候的气息：为了更大的利益。而现在作者的处理似乎使邓布利多死后明白了一起，开悟了，或者说是他死的那一刻？在哈利波特的世界中，人死后还在领悟生前吗？邓布利多的确是一个平凡人。最后一个问题就是，为了世界和平的利益，可以牺牲一两个人性命吗？
",good
"又翻出来看了一遍，斯内普的回忆真是最后一本的精髓所在。虽然谈不上哈利迷，但是七本书我也完整看了下来，有四本我买过的更看不止一遍。魔法界发生的那么大的事，麻瓜们还这么淡定若素的像什么都没发生过一样，哎。
",good
"补标
",good
"我给一百颗星都不满足啊
",good
"中文译的一般
",good
"着魔
",good
"差不多十年，终于读完它。
",good
"结局就是 邓布利多下了盘很大的棋 自己都没了 还能把伏地魔将死
",good
"..永远的Harry
",good
"怎么说..结束了呢...就五星吧...
",good
"看了前面的就应该这么看下来。
",good
"我爱斯里普！
",good
"其实我希望喜欢的书在结尾之前戛然而止
",good
"圆满了，升天了！
",good
"郁闷……接受现实……
",good
"最近，很哈迷
",good
"再强大的人都有弱点。十三年，终于看完哈利波特系列的所有电影和小说。
",good
"暑假势必要赶在八月前再温一边罗
",good
"又回到当初看武侠小说那时候的紧张刺激，以及浪费时间的堕落感。
",good
"家庭式结局。
",good
"圆满了~ 一切圆满了~
",good
"六年的等待....完结了....
",good
"一部不错的儿童读物，不过我现在已经超过了看这部书的年龄了，哈利波特七部我都看了，很精彩。可惜jk罗琳已经走了，不然他一定能带来更多更精彩的作品的，呵呵
",good
"西弗勒斯
",good
"哭得一塌糊涂``哦 斯内普
",good
"精彩的结局，邓布利多
",good
"我这个伪哈迷终于看完了整套HP。
",good
"双胞胎居然死了一个。泪流。
",good
"==
",good
"good!!
",good
"完结篇。羽翼丰满的结局。
",good
"最后一部了。仍然大爱。哈利和我一起长大了，哈哈
",good
"真不舍啊，就这么结束了。
",good
"喧哗散尽，最终还是归于流水般的日子里
",good
"其实那个结局我并不是很喜欢，我只是庆幸我从第一本开始还是小学生的时候就心心念念喜欢的斯内普他真的从头到脚都是让我喜欢的T_T
",good
"结束这本书。结束一段生活。
",good
"可怜我的那么多人都死了.....
",good
"敬Severus Snape。临死前对Harry轻声说“看着我”，是为了再看一眼那双和Lily一样的眼睛。
",good
"落幕。
",good
"9/150 深深地感觉伏地魔太弱了。我要是伏地魔早把这三个死小孩弄死了。
",good
"之前看都觉得哈利波特是有趣的作品，看到完就觉得，这是一部伟大的作品
",good
"光阴的故事
",good
"7
",good
"终于看完了，第七部太沉重了~结尾太草率了~
",good
"Farewell, Harry
",good
"不让主角死亡，不让读者失望。
",good
"从初中读到大学
",good
"不管怎样，都是我们结束的青春
",good
"一九九七至二零零七，十年成長。
",good
"早早地在99上预订了它。寄来的时候却等了好多天才打开来看，，因为一直骗自己：只要我没看完它，HP就没有完结。还好，现在能心平气和地去观看了H7下的首映场而未落泪。
",good
"第七部!!盼星星,盼月亮,总算是盼来了，不过感觉第七部的翻译有点搞笑!""你太有才了!说时迟,那时快!""
",good
"这也许是我翻过次数最多的一套书籍
",good
"虽然有点俗。。。不过相对还是有精彩的~
",good
"原来不精彩的前几本儿都是铺垫！
",good
"就这样结束了。
",good
"我忘记了所有人 却只记得你  
",good
"　　我背叛了所有人 却只忠于你 
",good
"　　 
",good
"　　等待 不是为了你能回来 
",good
"　　而是让自己找个借口 不离开 
",good
"　　----致永远的混血王子 斯内普
",good
"哈7。结尾没太弄明白啊，哈利波特和伏地魔弄成了你中有我，我中有你的局面，那不是应该同归于尽吗？为什么最后又是光明战胜黑暗的完满结局呢？
",good
"决战伏地魔···为了斯内普···
",good
"重温完成！真好看！
",good
"也许是我长得太大了  也许只是因为他完结了  也许是因为我引以为傲的想象力在一点点的丧失   这本没有前面六本精彩  但却是个完满的结局
",good
"最后一部了啊～不知道是不是以后都没得看了～
",good
"哈哈，恨了七年的斯大人终于可以一抿恩仇了~想想就爽！
",good
"青春岁月就这么结束了
",good
"就等电影上映了！！
",good
"最终回
",good
"其实一套都读了，但，不满意结局。妈的，跟金妮结婚算什么？！
",good
"大爱 我是波特迷 完结篇让我心里难过
",good
"隔了这么多年才看了最后一本。2014年开篇
",good
"其实我只是怀念有你相伴的初中高中大学。
",good
"第7部，最后一部。
",good
"和哈里波波一起成长的我们。
",good
"仅以这一部代表我所爱过的十年.
",good
"·······
",good
"看得电子书，与时俱进了一回！~发现了哈利波特父母都是水瓶座呢……那个罗琳大妈最后的最后还行吧……
",good
"5年的守侯
",good
"就像一个朋友一样陪我长大.........我終於完成我的諾言了,我要和哈利一起長大
",good
"好吧，结束。
",good
"谋害时间。
",good
"怅然若失......但所有的时光都必须有终结的一天。
",good
"结尾弱了，整体还不错
",good
"这最后一本，真的很好看！不过因为比较长，好多人物的名字老记不住。。。
",good
"第七部
",good
"12.8.2010 六点醒来一直看到下午三点......10年终于结束了
",good
"头尾都不错，精彩刺激，唯独败在中段冗长拖沓，有明显拖戏嫌疑。
",good
"话说真是舍不得就这么结束了
",good
"烂尾了，多年后简直多余。不过即使烂尾，也是真爱的一套书。觉得罗琳不会写爱情，哈利和金妮完全不相配，金妮人设也立不住。
",good
"哈利强行不死感觉很别扭
",good
"终于看完了  2014看了整整一个春节   这集死了好多人
",good
"我的青春在我22岁时候终结。
",good
"尽管大结局其实可以从此前的很多蛛丝马迹猜测到，但最后的大场面还是挺震撼。此外这一部里我很喜欢一些很小很细节的情节，比如魔法部的电梯里哈利罗恩偶遇罗恩老爸，还有卢娜家里卧室的天花板。
",good
"best of the seven
",good
"两天看完的 非常好看。
",good
"好了好了，终于一个时代结束了。
",good
"这部居然没标 当年一部部追下来的小说啊
",good
"一直爱它。终于结束。
",good
"无限好看~
",good
"十年历程完美谢幕。
",good
"四颗星星献给斯内普教授
",good
"郑州购书中心。总算还好，比5、6强。
",good
"终于结束了……虽然有些感慨，但总算是结束了
",good
"看完了才知道心痛
",good
"这本拖的时间太长 我都不记得自己是不是完整的读完了 作为十年的结尾 哈利波特和我们一起成长刻
",good
"这是一代人共同的回忆``
",good
"这本明显就是大结局前的铺垫
",good
"最好的一部。终于结束了。
",good
"哈哈，这也是问那朋友借的，但我想这本就不打算还她了，因为这本正好凑成全套^_^满足我小小的私心
",good
"终于结束了.还好.
",good
"终于看完了，这一路走了这么多年。
",good
"给5星，并不为内容……
",good
"我开始后悔我只看了一半了。。。
",good
"这本我没点么- -
",good
"最近闲着没事干又读了第五遍⊙▽⊙
",good
"结束了。总是有一点点解脱，又有一点点失落，甚至失望。总的来说，收尾收的还可以吧，虽然在高标准上来说一般般。。。一部很好看但还够不上伟大的作品。
",good
"终于完结了…我都快大学毕业了
",good
"精彩
",good
"马马虎虎总算看完这个故事了，写的可以
",good
"终于完结了。还是偏于流俗了。
",good
"洗白了的斯内普，再不会回来的人们。也许从凤凰社开始，故事就已经渐渐不再吸引我了。P.S.“他们说他在之后的几年里显示出了自责，他独自待在纽蒙迦德的地下室里，我希望这是真的，我情愿相信他为了他所做的一切感到恐惧和懊悔，也许对伏地魔说谎就是他在企图弥补他的过错……防止伏地魔拿走死圣。”“也许也是防止他入侵你的坟墓?”哈利提出，邓布利多轻轻地眨了眨眼。多少年后再回头，原来处处皆痕迹。
",good
"罗琳YYDS！虽然杀了我好多次！
",good
"词条变了还是怎么着，之前标记的竟然是台版。。。。
",good
"罗琳大妈的各种逻辑性啊~~
",good
"二刷：上次看觉得最后一部太黑暗，然后二刷时却格外喜欢这最后一本了，只因最后每一个小角色带来的感动，和经历了那么多本之后每个人的成长。一刷：最后一本要不要那么悲！要不要节奏那么快！看一会儿书45度角仰望一会天空是常态（人家一定以为我有病）看到最后一本超喜欢纳威！不亏是格兰芬多的人，超级勇敢！
",good
"[当然是发生在你脑子里的事。但为什么那就意味着不是真的呢。]      【阿不思·西弗勒斯·波特】
",good
"总感觉有点bug
",good
"哭到无法自已，就连伏地魔死都觉得伤心
",good
"忍不住抢在小朋友前面看完了 :) 很好的「英雄教育」！从古典套路里塞进了人文主义和后现代的独立思维。回想从第一本开始层层铺垫，连环相扣，前后呼应。算得上是部经得起推敲的好作品！
",good
"相当精彩！结尾是颗老鼠屎······
",good
"my love
",good
"即便是各种故弄玄虚，各种人物杂乱，各种没事儿找事儿。。。还是结束了，故事在最后也达到了高潮，现在回头想更多的是看时的回忆了
",good
"两天才看完，确实是很长，结局没有出乎意料但是我也没全部猜出来。一直不忍心看这最后一本，但真的开看还是蛮吸引的。一直觉得斯内普挺杯具的，还好最后得到平反了。我想这作品中除了父母对子女的爱之外，就他的爱情最让人感动了。
",good
"还是觉得最后收不住了，斯内普的记忆那章感情过于集中，好像一下子要把他带入好人的境界，而忘却了他本来就是个好人。 
",good
"　　哈利彻底变成了不死小强，孩子的名字很有意义却十分难听。
",good
"熬夜看完,但很后悔不能慢慢地仔细地看，好像一段长达六年的婚姻突然结束的感觉
",good
"最近在讀
",good
"完结。   从此不再有Harry Potter
",good
"Harry长大了，我也长大了。
",good
"真不希望结局。。。
",good
"我们的时代印记
",good
"十分仓促的一个结局
",good
"大结局！还算圆满吧
",good
"翻译好差
",good
"我只是觉得把前几本都加上来很累。。。
",good
"没理由。我喜欢那个小男孩。
",good
"伴我度过童年
",good
"双胞胎的结局和教授，卢平的死看得我太难受了。想起死圣出来的那天，整个下午都在书店那里等着。拿到书就迫不及待地回家看了。晚上看完之后，忽然有种童年结束了的感觉。谢谢你哈利，陪伴了我这么久。
",good
"我是哈利波特迷：）
",good
"1997-2007
",good
"细算起来，从初中到现在，已经是哈7部一个系列了，真快，时间走的真快这牵强的结局，给人狗尾续貂的感觉，错觉么？还是我挑剔了
",good
"最可怕的事情永远不是死亡，还有太多太多比死亡可怕的东西，面对死亡所展示出的勇气，才是hp最为动人的品质。
",good
"终于来到最后一本。出版时我都高三啦，第一次装逼的买了英文原版。“This is war.”5555我的卢平唐克斯……这么算起来，其实我跟哈利一样大嘛~哈哈
",good
"电影很少能超越书籍啊
",good
"初中结束时的暑假仅仅读完了前几章，到现在我电影也没有看 就等待着有一天把这本书读完 现在哈利波特的故事在我的世界中暂时没有结局 虽然已经被无处不在的流弹击中多次了。。。。这本书现在就在我的书架上。。。我得找个时间 把它读完 但是不是现在 现在我太忙了2014 8 13 最近趁着刚开学心境比较放空的状态下拿起了之前陆陆续续已经看了一半的哈利波特 用几天的时间一口气看完了.... 话说结尾演到哈利装死那段我特有画面感~心想他们过去检查的时候哈利哇啦一下子蹦起来一定会特别的有喜感~~  同样的情况还有之后伏地魔带着他来到校门口和众人的会面阶段............. 以前记得说这一部会揭示我一直很期待的“幽灵的成因之谜“但看到最后好像也没有提到。总之这个贯穿了好久的印记终于落幕了.完结之美。
",good
"被多比 克利切 西弗勒斯 感动！
",good
"这下是最后本了。。。
",good
"还是喜欢以前的故事，那个时候哈利没有变得这样高大全，罗恩赫敏可以常常拌嘴，卢平还是忧郁得帅呆，邓布利多依然睿智，斯内普有他特有的纯粹的邪气。这个句号写得不好，我情愿伏地魔没有强大没有死，他们依然在欢笑中战斗。
",good
"这套书承载了我成长的记忆。之前零散的买，新出了就看，和现在追美剧好像挺像的。不记得多少岁生日的时候，小姨送了我一套，当时还不像现在这样淘宝，自然也不是精装版的。不过还是可见这系列对我意义非凡。也许不及米老鼠在我心中的位置，但还是曾经有过一小块天空。
",good
"迷失在霍格沃茨。
",good
"All stories come to an end. Like never before, like never again.
",good
"終わった
",good
"向J.K.罗琳致敬！
",good
"不学习光看小说！
",good
"補標記
",good
"本科借pz送给badger的那本
",good
"我是哈迷，怎样~
",good
"七本结尾能收成这样算不错了.只是翻译差了点，许多词句只是生硬的直译，没有美感。虽然封面上依然印了那两个译者的名字，虽然书来自卓越网购，却依旧让我怀疑是否是盗印版本，译词中两次出现“你太有才了“这种行话，真让人哭笑不得，如果真的还是原来那两个姐妹在译而非只是挂了羊头，那也太让人失望了。(NOV 04, 2007)
",good
"斯内普~~~~~~
",good
"我的青春结束了
",good
"好故事
",good
"大结局是如此让人感动！看了7年！好像做完了一项艰辛的功课！终于不用再读了！！很好
",good
"后悔看了剧透
",good
"终结。其实不太推荐这类魔幻灵异小说，只是从第一部开始，便产生了惯性。终于，结束了。
",good
"整个系列最精彩的一本
",good
"圆满了
",good
"终于完结了
",good
"爱了十年。
",good
"看完这本书时的感受我已经完全忘记了，但我永远记得这个系列和你。
",good
"五星
",good
"最后的大战全员参加实在是太！帅！了！连霍格沃兹的石像都冲了出去实在是太赚眼泪了。。但合起书来想想 哈利从头到底的直觉简直是支撑了七本书的情节发展啊。。
",good
"大结局，不过不喜欢罗恩和赫敏好
",good
"最爱
",good
"因为自己翻译过这本书
",good
"所以觉得 还是读原版的好啊~！
",good
"原版的 可以自己揣摩作者的意思~嗯
",good
"结局就已经是22成双了 诶~ 死的人多了点 现在想想 觉得斯内普真不容易。。。
",good
"死的死，伤的伤，最终却是这样的结局很狗血不是？！高中一年级读~
",good
"我爱她的创造力
",good
"我擦！斯内普才是男主角啊！
",good
"强烈期待电影版大结局!!!整个系列看了三个月终于全看完了
",good
"我是哈迷
",good
"写死了这么多人 减你一☆ 哼 不过还是看哭了吧 还是空落落的吧 陪伴了自己这么多年的让人憧憬的世界
",good
"终于到了最后。。看不下去的伤痛。还是看了下去。
",good
"万人瞩目下终于完成了，为什么我还是很想哭呢。
",good
"任俊妍借的,哈利.波特真是太棒了!
",good
"2009.12.16
",good
"致斯殿以敬意。
",good
"大二了，看到倒数第二章痛哭一晚
",good
"完美的结局,北京晚报无耻的剧透,王府井书店无理的当众朗读,儿时梦想的完结
",good
"毕竟还是童话斯内普完美的诠释了伟大二字
",good
"最终版，好舍不得
",good
"哈里波特就是好就是好就是好
",good
"向伟大的西弗勒斯·斯内普致以我最崇高的无产阶级文化大敬礼！
",good
"10年“魔法时代”的终结
",good
"我属于最早读过的一批人，这个系列对我们这代人已经宣告终结，但影响始终在~~~~~~~~
",good
"不管怎样。。陪伴我少年时光。。一个尘埃落定
",good
"够煽。
",good
"越读越失望。阅读兴趣明显下滑
",good
"斯内普最高！金妮路人去死去死
",good
"结局还比较合我的意 只是我还需要在从1好好看几遍 恩
",good
"完结了。
",good
"只是有些恋爱关系真的很雷……
",good
"好喜欢~~~
",good
"第一次都哈利波特，那是七年前了吧，今天终于读完了最后一本，才发现，它根本不是什么魔幻小说，它不是在说魔法，而是在说“爱”。
",good
"最终！！！童年结束！！！
",good
"以前忘标记了。
",good
"很混沌的一个架构，然而从这里出发讨论什么都行，不过要是写成《追踪1789》就没意思了。 14.12.12 补：其实现在想来结构清晰简单，哈利波特读起来总是很轻松，我拿来休息
",good
"居然没有标注...
",good
"曲终。
",good
"从初中到大学~
",good
"生命的意义不在追求长生，而在接受死亡。陪伴一代人成长的哈利波特，感谢书中呈现的爱与温暖
",good
"最后一本居然看哭了。
",good
"终于有机会读了。十年啊十年！
",good
"长大后看的。终于把哈利波特都看完了。很高兴罗恩和赫敏最终走在一起，想不到斯内普竟然隐藏最深。谢谢小说内所有角色带给我的魔法！
",good
"最后还是没有买正版，在网友那要来的电子版。通宵达旦的看完，最后期待电影版的结尾。貌似罗琳还要续貂？道听途说而已。
",good
"原来初中看到高中！！ 最爱的魔法小说
",good
"【如果说这是种信仰。】
",good
"【完结篇。】
",good
"忠于哈利到最后的最后。
",good
"我读它，是为了回忆起那个温暖的感觉，为了想起你们，想起我们的纯真年代。大妈卢娜胡萝卜头，大爹莉莉，小妈，赫敏，。。
",good
"哎？读过竟然连封面都不记得了......大概因为不像前五部都被我翻烂了，第六、七部只看了一遍，总得承认，every story has an end.
",good
"好多年了
",good
"哈利波特老了……
",good
"俺的整个青春期啊
",good
"伴随我的少年时代
",good
"买来第二天就看完了~赞!
",good
"小斯...你为什么那么傻...
",good
"啊啊啊啊啊啊啊啊啊啊啊！！！？？得赶紧去买咯……
",good
"其实我当初看的网翻版，想看下纸质的了。
",good
"总算终结了
",good
"精彩!爱不释手啊
",good
"就这么结束了……有点失落，有点不舍，罗琳用了一个极长的铺垫，结束还是没有预想的精彩，阅读在洛夫古德家关于圣器那段文字的时候，一度恍惚，觉得自己穿越到了达芬奇密码寻找圣杯，有对比就有落差……觉得五星纯为纪念……
",good
"从第一本就坚信斯内普是卧底！
",good
"看哭了呢
",good
"那个叫做斯内普的男人
",good
"就这样结束了吗
",good
"原来除了坏人之外都是好人,极坏的只是少数人而已呢.
",good
"剧情要素十分丰富，做为最后一本十分妥当
",good
"结局了，像是硬生生断掉了过去的十多年时光。刚看完情绪还没缓和时写了长评（其实算是批评啦，汗）如今再看，又是一种感觉。除掉第三本，这本又是让我哭得稀里哗啦的一部……
",good
"还算满意的结局
",good
"真相是无间道式的XD
",good
"终于结束了·~~~结局虽然在意料之中，中间却蛮出彩的
",good
"破烂电影改了好多啊啊啊啊啊！是要多节省成本啊！！！
",good
"不能用眼的日子听了混血王子和死亡圣器的有声小说，爱，正直，勇敢，以后要当作睡前故事读给宝宝听。更新。201911重读，最后几章看的涕泪横流。每个角色都在自己的轨迹里爆发出巨大的能量。遭受恶意与曲解后仍选择爱与善良，相信正直与勇敢可以鼓励到身边人。最后的最后，伏地魔还是阿瓦达索命，哈利还是出你武器，性本善固然可贵，而历经这一切仍选择善良则更加可贵。当你面对和接受死亡的时候就战胜了死神，我想罗琳在最终章将她的故事延伸到哲学命题中。
",good
"就是喜欢、
",good
"哈利波特，多比来救你了。
",good
"觉得这本没有前几本翻译的好了
",good
"看手机盗版的时候我还觉得离它出版的日子很遥远,一眨眼它就来了,好象不曾等待一样
",good
"再看一遍还是觉得疼，斯内普教授啊斯内普教授。。
",good
"找不到中文版了OTZ
",good
"看完这本书，——虽然是在这么久这么久之后，我还是莫名有种从死里复活的感觉……
",good
"终于读完这本，屡有玩RPG之感
",good
"逃亡旅行颇让我想起琼瑶奶奶的大作=v=
",good
"没有想到的太多了
",good
"横跨我整个学生时代的系列 终于在我大一时期结束了
",good
"再见，波特。
",good
"还是到了结局，爱，始终都在。。。。
",good
"1.邓不利多费了那么大劲才搞到的灵魂碎片，但RAB却如此轻松。2.看来老邓死后，会出现新的老大，来继续帮助哈利波特。3.看电影前，最好先看原著，电影删减修改太严重。而且删的都是精彩的场景。
",good
"拖了一年，才终于看了，唉。
",good
"每个孩子心里都住着一个Hogwards，几乎满足了我们对魔幻世界所有的想象。读完第七部，是件令人无限伤感的事。
",good
"看完的最大感慨就是斯内普太悲剧了。。
",good
"系列的收关之作。系列的精华之作——前提是你用了8年的时间来读它们……
",good
"各种热泪盈眶，斯内普说，拿走全部拿走，我就流泪了5555555555555
",good
"这两天把HP补完了，算了一下离上次看HP居然有八年了。。
",good
"十颗星。
",good
"这是关于孩子们成长的故事的一个里程碑，可以是结局，但我不希望是结局……
",good
"电影终于上映了，现在回想当初预定哈VII时的激动和对电影的期盼，始终都觉得好幸福哦~ 看完电影后，还是有些细节记不清楚了，所以又端起这本书读一读。
",good
"我读完了，无论谁牺牲了谁无畏了谁战胜了，我都不感动。果然这个拖的时间太长了。
",good
"童年回忆啊，昨天在zan咖啡和燕燕小聚的时候看的，因为被剧透得差不多了所以没啥新鲜感，感觉这个系列还是密室最最棒了！
",good
"No story can be great without closure.
",good
"歸根結底，七部「哈利·波特」寫的不過是一個“愛”字。
",good
"所有的绳结都在哈7中完美的缠绕着，哈利波特系列里最迷人的一部……
",good
"哈利·波特十年历程完美谢幕，死亡圣器终揭神秘面纱
",good
"一九九七至二零零七，十年成長。
",good
"爱这整个系列。
",good
"纠结万分的大结局
",good
"J.K.写得最好的一本，没有辜负广大人民的厚望，哈哈
",good
"魔幻的盛宴，引人入胜。
",good
"消除了我对这本书的偏见。以前听别人讲起哈利波特的时候，总会觉得幼稚，我再也不这么看了。这是一本关于爱、勇气和恐惧的小说
",good
"再看起来好快啊~
",good
"其实看到最后，看到斯内普，我们才发现，真正的主角全死光了。
",good
"事隔多年，我依然在读它，还好有结局。
",good
"整个故事告诉我们，做女人要行善积德，这样万一挂了，也还有人看在与你旧日的情分上罩着你儿子……
",good
"相当有阅读快感的一本书
",good
"
",good
"觉得写得很棒，好多地方都有前后相衔接的，不容易。
",good
"童年
",good
"这本书里面我最喜欢的台词—“ 但是他知道的东西一直都少得可怜，哈利，这是伏地魔最没用的地方，他从来不费神去理解去领会，关于家养小精灵与孩子们的故事，关于爱，关于忠诚和清白，伏地魔不理解也不知道这些，什么也不知道。而这些东西所拥有的力量是远远超过他的，是任何魔法都无法匹敌的，这是一个他永远也理解不了的事实。”
",good
"每部电影和书都是五星，没什么理由。这是十年。
",good
"T T终于看完了，真是一梦十年呐
",good
"童年记忆系列
",good
"完结了，有点失落：{
",good
"長追不捨~~
",good
"无论如何 我还是喜欢它的
",good
"结尾挺感人 尤其是 那个男孩的名字是阿不思 西弗勒思
",good
"第七本 让人摇头的结局
",good
"我最愛的鄧布利多死了。。
",good
"噢..读得好猛
",good
"哈利也完啦～～
",good
"《哈利波特与死亡圣器》应该是整个系列中写得最好的一部，这并不因为这是这个系列的终结，也不因为这是所有伏笔的谜底，而是在于此书在人性的挖掘上，是整个系列最为深刻的，比如三人组之间的矛盾，比《火焰杯》要来得让人无助，甚至是绝望，而这，本来就是这部小说的黑暗面所应该带来的。
",good
"终于几年之后还是看了哈七，当时拒绝相信热爱的人物死亡，现在也是。跳读完了这一本，也算一个结束。
",good
"看几遍哭几遍
",good
"Like never before.Like never again.In my heart,it never ends.
",good
"我不甚喜欢第七部QWQ
",good
"要想真正了解哈利波特，还是看书吧，电影的局限性让它不得不阉掉太多太多的精髓了...
",good
"这是一个关于成长的伟大故事！
",good
"高一读物，坐最后一排，和长期哈迷好友徐月濛一人抱一本，物理课读，第一次物理考50分。
",good
"哈利波特是伴随一代人成长的书吧。
",good
"一个不成熟男人的标志是能为了伟大的事业死去，而一个成熟男人的标志是恩呢该为了伟大的事业坚韧地活着。即使被误解、即使被厌恶、即使被丑化、即使被愤恨，用尽全力去做自己认为对的事，最后，连自己的活，都成为另一种伟大。——给斯内普。
",good
"我是否注定要知道，而不是去谋求？你是否会知道我会觉得这有多难？是否正因为如此，你才把它安排的如此困难，让我有时间领悟？
",good
"不算童年时期了，好吧，青少年时期，重复看的次数最多的一个系列的书啊...魔幻大爱！
",good
"我用听的
",good
"陪我长大的外国童话
",good
"我竟然没添加这一项，太奇怪了……
",good
"看了我一个学期才看完的！
",good
"基本10年了。看前6本书的时候，我还不是一个英语专业的学生，我还处在懵懂的中学时期，好多事还没有发生。看完第7本，我已经在大学的尾巴尖上，但却又是前所未有地对哈利波特如此着迷。我们以为时间流逝，很多东西终将逝去，然而最珍贵地总是藏在心底：勇敢、纯洁、忠诚。当你需要她，当你召唤她，她定会出现。感谢你一直带来的感动。Bye, Harry.
",good
"中文翻译超烂。
",good
"想说终于结局了。
",good
"我从第二本开始，直到这一本结束，都没有等到德拉科的幸福。
",good
"多比 一个自由的小精灵
",good
"有人说它黑暗。可是，对于一个长大的孩子，世界仍然灿烂，便是美好。
",good
"最后一本，我看完了，我25岁了，第一本我还是从小学五年级开始看的，十四年过去了……
",good
"8.29 凌晨  一梦十二年
",good
"读过而且爱死了却没有标记的书实在是 太 多 啦
",good
"7:死亡圣器
",good
"居然没添加
",good
"重温的赶脚。
",good
"终于 落幕了 一切为了更伟大的……！！！
",good
"最感动的莫过于斯内普了。为他甚至有点讨厌邓不利多
",good
"第1部：从前有一个男孩叫哈利•波特，有一天，他抢了伏地魔最想要的石头。第2部：从前有一个男孩叫哈利•波特，有一天，他毁了伏地魔珍藏多年的日记。第3部：从前有一个男孩叫哈利•波特，有一天，他赶走了摄魂怪，救出了他的教父。第4部：从前有一个男孩叫哈利•波特，有一天，他到墓地里把伏地魔揍了一顿。第5部：从前有一个男孩叫哈利•波特，有一天，他叫了一帮人去和伏地魔打群架。第6部：从前有一个男孩叫哈利•波特，有一天，他去偷伏地魔的东西，结果把一个老头害死了。第7部：从前有一个男孩叫哈利•波特，有好几天，他偷了伏地魔的好多东西，结果，有一天，他死了，又活回来，抢了伏地魔的魔杖，把伏地魔杀了。全总结：哈利•波特的整体剧情就是，一个男孩叫哈利•波特，没事喜欢找伏地魔的麻烦。
",good
"不得不說哈利·波特系列之所以如此成功的原因之一就是他不完美.有時候真的想給他一拳讓他清醒一下少自以爲是了,但這才讓他成爲一個活生生的人,有血有肉有悲有喜有對有錯...最可惜就是Lupin跟Tonks這對,挑誰不好偏他們啊T T!!!!!還有Fred,George倆少一個外缺一只耳朵...真的好心疼QAQ
",good
"泪点来得太早也不够持久><但是结束了呀。最后10章保持在深夜档看的，在看之前被透露了下要死好多人。
",good
"当一切都结束，我爱斯内普，look...at...me
",good
"斯内普很爱莉莉。弗雷德死了。多比死了。邓布利多和哈利在车站的谈话。看到以上的片段情节，哭了。
",good
"比我想象中好很多~~~~
",good
"阿不思·西弗勒斯·波特
",good
"为了终结，画上一个句号，不管这句号圆不圆满。前半段的逃亡真的很压抑，后面的爆发还不够厉害，不过人倒是死了很多。
",good
"说实话没让我失望~
",good
"挨了很久不敢看哈7，就是担心所有的童年都会在看完的那一刻结束。
",good
"终究是逃不过自己的好奇，弄来了电子书疼着眼睛看完。
",good
"
",good
"最终只能不去想，不去想。
",good
"
",good
"关于结尾我猜过很多，所谓的正义是王道大概就是这个意思。
",good
"
",good
"我祝所有所有的哈迷，一切都好。
",good
"这么多年了·~
",good
"最爱的逃亡故事。
",good
"即使看再多遍 依然会感动 它包含所有我需要学会的爱 勇气 力量 友谊 感谢RWOLING阿姨 使很多孩子相信 真的有魔法存在 在心里~[老斯绝对是模子丫、、、太伟大了、、、]
",good
"时隔九年终于圆满。
",good
"罗琳卯足了劲啊
",good
"别的还好，双胞胎死一个活一个实在太不能忍了。
",medium
"这本稀碎情节太多，完全都是没必要的。比如哈利怀疑邓布利多的过去、罗恩的出走、哈利让罗恩摧毁魂器、赫敏再见到罗恩时反常的愤怒，都显得异常突兀、生硬。熄灯器开传送门也很假，还有为什么食死徒来西诺费利家是用扫帚而不是幻影显形，难道是为了给西诺费利腾出时间来讲故事么？死圣的传说更是破绽百出，隐形衣不止一个，火焰杯中小克劳奇就有一个。还有，哈利是傻X么？明明告诉他说出伏地魔的名字会被跟踪，在被罗恩打断的情况下他还是坚持要把自己暴露。各种推理也没道理，伏地魔觉得只有自己知道把东西藏在有求必应屋？傻X么？那的东西都堆成山了。斯内普也白死了，没看出来他起了什么关键作用，只给了哈利一把剑，而这把剑难道非得斯内普给么？最后的决战也不精彩，最终居然又是反弹攻击，能不能换换啊？伏地魔被作者“写”死了，没什么过硬的理
",medium
"反正总是要看完的嘛！
",medium
"罗琳忽悠了全球读者
",medium
"惯性让人读完。
",medium
"早就读过了啊……
",medium
"情节峰回路转，让人摸不着头脑，总体感觉罗琳的逻辑开始秀逗了
",medium
"比前六部烂多了
",medium
"无声地夸大了一些东西的影响。
",medium
"2008-4-14 终于下决心去完结这个系列，其实已经没多大兴趣了，意义多点
",medium
"2008-5-8 第十二章。看不下去了，等电影吧
",medium
"十年光阴
",medium
"糟糕无比的翻译，真可谓每况愈下
",medium
"比混血王子让我满意多了 赫赫 还是值得读的
",medium
"这本书，它可以更好；但作者是有心无力还是心血都舍不得投了呢；除了斯内普教授谜底揭晓，没有亮点，结构和逻辑水准...
",medium
"唯独这个结尾觉得很莫名……
",medium
"为电影而创作...
",medium
"一切回归平静。
",medium
"我对它有执念，严重的执念。
",medium
"任何结局对于哈利fan来说都不可能完美……
",medium
"有点别扭的结局……
",medium
"混血王子以后一直都没敢看最后这一部。现在总算看完了。唉。
",medium
"不忍心去过多批评什么，从第一部到第七部，从初一到大一……
",medium
"二十九章开始的败笔
",medium
"拖沓
",medium
"算是个不错的结局……
",medium
"怎么没有前6部好呢？   2019.11.22维持原判哈哈~
",medium
"哈利没死真的是大败笔
",medium
"最讨厌的一部
",medium
"出于对哈的感情才打的3颗，不然。。。
",medium
"这是七本里我认为最狗血的一本……但是，身体里的一部分也就跟着这个系列的终结而死掉了
",medium
"一般，看起来没有前几本那么引人入胜，难道是我的年纪大了？
",medium
"很垃圾的最后一本,不喜欢!
",medium
"花了两年大学的假期断断续续才把此书读完，这本大结局让我想起了那些苦背雅思范文的学生，复出巨大的精力与时间，就是为了拿到六分。罗琳小姐这本结局中规中矩，她努力的写出了一个合格的结局。
",medium
"斯内普
",medium
"越来越差了。
",medium
"有些地方拖沓。。。
",medium
"算是7本里最差的了。
",medium
"结局接受不了。
",medium
"减一星，为了小天狼星....
",medium
"回不去の心境
",medium
"不喜欢结尾。
",medium
"竟然是反转剧，我晕
",medium
"有一点失望。
",medium
"英国起点小说
",medium
"杀时间
",medium
"除了Snape的回忆以外都不喜欢
",medium
"西弗勒斯•斯内普果然没让我失望，致最崇高的敬意
",medium
"这也算是终结了
",medium
"一切都结束了么？
",medium
"太不刺激了(作为一个大结局来说).
",medium
"什么时候出电影啊！！！
",medium
"这部真心一般。
",medium
"后面就完全没看了
",medium
"我了个去
",medium
"有点拖沓了,...不过总算结束了
",medium
"前>后。
",medium
"终于看完了，我还能睡5小时，不算太糟。
",medium
"每年一部哈波，陪咱长大。
",medium
"烂尾...
",medium
"也算是不落伍了，哈哈
",medium
"中文版的质量有待进一步提高。
",medium
"也许是因为已经看过电影，也许是已经过去太久，现在读已经没有一点当年的好奇和感动了。
",medium
"2012年的最后一本书，也是一个时代的终结。
",medium
"到后面内心的黑暗逐渐浮现。。。
",medium
"长大了最多看个结局，以前那种吸引没了
",medium
"前半部看的是电影，后半部看的才是书
",medium
"之前听说各种披露，还以为有什么惊天大秘密呢，所以这样的结尾让我觉得不是很够味
",medium
"/到后面象在看柯南..
",medium
"没有了小天狼星和邓布利多的世界，哈利还要和金妮在一起，电视剧小姐当年强烈不满意
",medium
"这俩人翻译的越来越差
",medium
"不能免俗，追着潮流跑啊跑
",medium
"当时跟百度贴吧看到网友翻译版，后来又看了一遍书，总的来说，罗琳你还我的双胞胎！
",medium
"就这么完了??
",medium
"最后一本了....我还是讨厌斯内普....而小天狼星仅仅一飘而过...唉
",medium
"最后在霍格沃茨决战挺好，我生平就渴望有那么一场战斗~
",medium
"三个星星全给斯殿！斯殿值十个星星。其余的实在太神棍。。。
",medium
"我终于把书都看了一遍，总感觉没有之前的那些好看了，也可能是因为看过电影的关系。好几次都看的困了就毫不眷恋的把书放一边看是睡觉了，这在以前怎么可能发生啊！
",medium
"这个结局……好吧……接不接受反正都是它……
",medium
"这部是真的烂尾了…
",medium
"总之，哈哈哈哈哈哈哈
",medium
"终于看完了，最后又臭又长，简直看不下去。
",medium
"结尾太""和谐""了.
",medium
"罗阿姨大开杀戒啊,但是最后剧情估计她自己都没能有信心说服自己
",medium
"最后一部写得真糙
",medium
"全给斯内普~
",medium
"终于是看完了。有一部分原因是惯性。
",medium
"这最后一本让我想起了好多关键词：政治流亡，革命领袖，地下电台，挺进报，反恐战争，纳粹血统论……
",medium
"小说本身就是复合概念。
",medium
"伏地魔到底是死了，虽然死得过程是其实那么简单。
",medium
"斯内普到底被正了名，虽然他保守秘密到生命的最后。
",medium
"巫师世界又恢复了平静。
",medium
"巫师世界之外的我却没有特别的感动。
",medium
"虽然不是不能接受happy ending，可还是感觉烂尾
",medium
"对一个哈里迷来说，小说好坏已经不是唯一评判标准了。
",medium
"罗姨您也太急着赶工了，看，都烂尾了呢
",medium
"什么叫做烂尾
",medium
"最后一本，献给所有追看到最后的你还有我～
",medium
"哈利波特与丝网圣骑
",medium
"也是浏览到一半
",medium
"反七。。
",medium
"太乱
",medium
"童话
",medium
"恩,爱与信任,还有呢~~
",medium
"不是我要的结局
",medium
"这是活生生的烂尾啊!
",medium
"仔细回想起来，读完这本当时的感受既不是斯殿终于清白示人，也不是小伏终于归西，甚至不是完结的惆怅，而是——邓布利多你这个老骗子！！！
",medium
"迷人的故事，中规中矩的结尾~
",medium
"结局毁了一切......
",medium
"反正 我还是喜欢儿童文学的感觉 这么黑暗 死了这么多我们爱的人物 就不喜欢了。。
",medium
"终于要写完了 读的心境却和以前完全不一样了
",medium
"果然是这样~还没有看完英文版，先把中文版看完了~
",medium
"还不错，感觉还有续。。。
",medium
"那时候看了一整天头都看晕了
",medium
"填坑填得缺少铺垫，魂器、冥想盆、死亡圣器之类所有元素都有种为了填坑生造的感觉
",medium
"我觉得罗琳对政治和历史的理解太浅薄了，写写少年的冒险还行，一旦涉及政治斗争与政治集团的组织与活动，总让人感觉太隔。
",medium
"嗯...高三读的,其实觉得JK罗琳小说写的并不是太好,挺乏味的...而且,他可能习惯性的认为小说会被改编成电影剧本,所以有点电影剧本的意思,一些细节刻画的并不是太好,而台词过多,实际上哈利后期已经沦为电影化的产物了,而且在文字里读不出电影里那种魔法世界特效的魔幻与美轮美奂,总的说还行吧,不至于给差评的地步,我其实是逼着自己把这本看完的...
",medium
"霍格沃茨，一段校史
",medium
"经过这系列，我知道了，预先知道结局，并不是坏事，可以好好琢磨里面的人物心理，对剧透的仇恨值下降了点点（但还是不适用于漫画，唉！）
",medium
"这个时候我已经看过很多HP同人了。
",medium
"结局 有点失望~从前是觉得书比电影好看得多 只有这部觉得电影比较好看
",medium
"才子的爱~
",medium
"草草结尾
",medium
"有点狗尾了
",medium
"大团圆结局总让人想说“终于完了……”
",medium
"逻辑没有以往的严谨，俨然写不下去硬凑的。
",medium
"结局太草率
",medium
"斯内普好可怜，我不喜欢主角
",medium
"没变坏，幸福的生活也不错啊
",medium
"翻译扣分，不过这个翻译也不过不失了，为什么扣分呢？因为这样一来就从荷里活大片变成了天朝贺岁片，悲剧了。
",medium
"童年回忆终结篇，just so so
",medium
"也就还行吧
",medium
"the highlight is the prince's tale.
",medium
"为了卢平教授和弗雷德-2星，斯内普教授大感动+1星
",medium
"不错
",medium
"哈利波特
",medium
"果然不能看翻译版，原版一定五分啊！
",medium
"不喜欢结局。
",medium
"情节亢长拖沓，充满着巧合和自圆其说。
",medium
"看的英文版，至今没有完整通中文，因为真的非常失望。好好的儿童读物，怎么突然就政治正确了呢？
",medium
"克制着啃完——纳威勇敢得我都不认识了、罗恩越来越让我生厌、多比有点感动、N年如一日的克利切被哈利几句话就收服成功了完全不能让人信服、早就晓得斯内普会是这么个内敛到发指的存在
",medium
"一般一般，看了这么全部哈利波特，我觉得我像个傻瓜....
",medium
"果然是亲世代全灭么……
",medium
"这也太仓促了啊，许多设定都不够合理。印象最深的居然是血人巴罗的故事=。=
",medium
"暑假用手机看完了，少年时期未尽的事业终于完成了。从第四部起剧情开始转折，不再像前三部那样单纯甜美，充满着巧克力蛙、黄油啤酒、蜂蜜公爵的糖果。哈利需要逐渐独立，脱离大人们的保护，从男孩走向男人。
",medium
"end without feeling
",medium
"挺激烈，就是读着有点累
",medium
"盗版书害死人
",medium
"还是觉得有点不尽人意吧。。。。。。
",medium
"盼到的失望…
",medium
"不喜欢 哈里太诡异了
",medium
"虽然越到后来越没有热情了，但不得不承认世界观的设定很成功
",medium
"看它完全是为了完结而完结了
",medium
"已经没有当初痴迷的感觉了
",medium
"第七部明显浮躁
",medium
"看完多少有點失落
",medium
"已经基本上记不清了。且从这里可以看出罗琳创生的世界到底格局见小，没能写出恢弘，是个遗憾。
",medium
"都忘光了
",medium
"哈赫党该说什么好呢...算了...
",medium
"原来罗琳是要捧校长来着…中文版的翻译有问题，方言味和流行语言夹杂。
",medium
"2007.哈利波特完结，我也长大了。很遗憾，善始而不善终。
",medium
"人死得太快
",medium
"都结束了……以后看什么啊……><
",medium
"无论怎么尝试，我也无法将它读完，难道是我过了那个年龄段了？
",medium
"个人认为终结版太一般太一般太一般了！
",medium
"当消遣又重读了一遍，大概是作为儿童文学来翻译的，总觉得有些语句怪怪的，反正一共是7本，做“读过”标记的时候顺序有颠倒，啊对了，斯内普洗白的好成功~
",medium
"看完这本，我开始疯狂地看同人⋯⋯
",medium
"还没有6好
",medium
"喜欢斯内普~~~~
",medium
"哈哈哈哈哈哈哈
",medium
"有点虎头蛇尾，呜哇，我的哈利波特就这样结束了~
",medium
"买实体书纯属浪费钱，
",medium
"一本不如一本
",medium
"看到这里已经纯粹因为是习惯了
",medium
"哈利去禁林赴死时描写哈利心理的这一段，是本书最好的地方。而本书最后描写伏地魔和哈利决斗，就太草率了！这最后一本，风格上要比前六本沉重得多！
",medium
"翻译彻底白痴了
",medium
"不过不失, 平淡无奇, 为了收场把邓布利多拉下神坛实在太牵强了
",medium
"一样是看过就忘......
",medium
"中文版怎么可以这么流水账
",medium
"该说什么呢……虎头蛇尾？总之越写越不像这个系列，但到底仍是系列终结的一部
",medium
"一蟹不如一蟹
",medium
"地道的儿童文学，国中缺乏这种流行而健康的儿童文学
",medium
"大结局 the end
",medium
"用青春时代体会的故事，终于画上句号。
",medium
"Bug太多，后两部几乎看不下去了。
",medium
"完结篇，一股黑暗的压抑
",medium
"最后一本我看的是英文版。。
",medium
"第七部写的跟同人小说似的。。。虎头蛇尾
",medium
"最后一本写得太赶，忙不迭的给每个人物交待一个结局
",medium
"完结篇，收尾中规中矩。但说实话，就算是霍格沃茨保卫战这样经典的战役桥段，它留给我的记忆点并不比童年哈利的一颦一笑更多。斯内普反转引来无数蛇粉为之疯狂，哈哈
",medium
"这个系列终于从21年读到现在读完了，说实话，读到后面其实还挺失望的，看完电影之后再看小说就有种被剧透的痛苦，导致书中很多细枝末节看上去就显得特别啰嗦，而且不知道为什么罗琳真的很喜欢写一堆没有任何意义的章节。
",medium
"略烂尾，圣器魂器本还有东西可挖草草结束了，想写的太多写出的太少，剧情连贯性削弱很多，最坚定的三人组在本应团结一心的大结局章又分崩离析真是无语问苍天，难不成是七年之痒？邓布利多想让几人去找魂器却给圣器暗示。最后极大程度上丰富了斯内普这个人设，他挂在墙上或许会和其他校长格格不入😉
",medium
"不必苛求，HP系列最初定位是儿童文学
",medium
"烂尾。
",medium
"后来少年们都长大了
",medium
"没有邓布利多，一个中规中矩的结尾
",medium
"不说也罢
",medium
"就这么完结了。
",medium
"仅仅是一套童年时期看过的书。
",medium
"一个时代的结束
",medium
"这部我觉得在7本中是最让我失望的...有些牵强...罗琳女士江郎了吗....
",medium
"大一时候看7的 哎 哈里陪伴了我9年的青葱岁月啊
",medium
"其实结尾还是很满意的。
",medium
"最后的一部，大结局，混战
",medium
"Happy ending就足够了。
",medium
"对这样的结局相当失望，但同时很微妙地，这样的失望又在意料之中。从上一部就已经能看出来罗琳对整个故事的控制力不如以往，许多情节安排看上去都像是为了尽快收束故事而写成的急就章，戏剧张力并不如人意。在杀死伏地魔之后，故事也是戛然而止，众多重要角色的去向都没有交代，仿佛作者已和哈利一样耗尽最后一丝力气，只想马上上床睡觉了。更不用提缺乏想象力的魔法战斗，以及越来越平板化的伏地魔形象。第六部罗琳花了大量篇幅去描写伏地魔的起源，让人对他的智略期待值直接拉满。相比之下他在最后决战的表现却实在是拉胯，完全配不上“黑魔王”这么大的名头，看上去反而像个一时走运得到了江湖地位的瘪三。我揣测罗琳到了最后几年对HP系列的热情已经大不如以往，写下这个结局只为给读者们一个交代。
",medium
"又一段历史
",medium
"牵强附会的地方太多了吧，就是我是作者我说什么都对嘛
",medium
"c
",medium
"读起来没有童年的感觉，觉得好多漏洞。
",medium
"哈利波特
",medium
"最后，倒是斯内普称为焦点了。其他人无比平庸。
",medium
"哈哈哈哈哈哈哈系列好像都看过了 随便标一个就好了… 比电影好多了！！
",medium
"顺应读者的作品可以畅销，但却失去了成为经典的机会。与我一同长大的故事
",medium
"没买书，连电子书也没看。。。为神马要标读过呢？因为前几部烂到让我预知到这一部的杯具了，所以不会看了。。。
",medium
"不喜欢大团圆结局！
",medium
"系列中最差劲的一本
",medium
"富足的生活对作者的创作力是种致命的伤害，很可惜。斯内普死的莫名其妙，双方总是打不死人，可能因为食死徒都是凤凰社家亲戚，而死人的时候又总是像死神来了，这会儿该死人了，所以piaji一下就死了，死得不明不白。哈利这部里人格极不稳定，邓布利多还叫大家都相信他，所以丽塔写的邓布利多和哈利关系或有其事。这一部的吐槽能写一万个字，完结了实在谢天谢地。
",medium
"有人说，罗琳是发现藏龙山洞的人，但这次她宁可舍远求近，拿洞门口的宝物，而不去冒着被龙啃噬的危险拿致命宝藏了。这句话我未必认可，可我不得不承认，这本《圣器》真的跟以前不同，有一些最最宝贵的东西前六部曲里都有的，却泯灭在了这本书里，似乎就泯灭在罗恩的愤懑、多比和海德薇的死、“死亡圣器”这个冷冰冰的传说之中。
",medium
"总算有个结局。
",medium
"能看到最后完全是“一定要知道结局”的强迫症使然。
",medium
"终于到站了。虽然觉得一般，但是总是结局嘛
",medium
"越来越没印象、
",medium
"想给两星半的，在电影院里唯一的盼头就是赶紧打起来，好为我啃鸡爪的声音做掩护。
",medium
"开挂的最后一步…是最无聊的了
",medium
"读的是电子版，应该不是马氏姐妹翻译的，但看着还行。
",medium
"结局并没有自己期待的那样
",medium
"是不是在我快高考的时候不出版让我没时间精力看？
",medium
"像为我的高中时代打下彻底的句号。
",medium
"还行
",medium
"脑门秃了的马尔福。
",medium
"结束于2008年7月
",medium
"一点也不好看，读的人要吐血，还是看电影好一些。
",medium
"可能年纪大了，也可能我看的盗版，感觉三个人整天内讧，情节也没有那么紧凑，更别提魔术体系，看多了跟小儿科似的，来来回回就那几个。看下去只是想知道最后答案而已
",medium
"这是我们的特征吧
",medium
"这就是结局么
",medium
"我有时候在想，是不是我来写这个大结局都能比她更有气势更荡气回肠更不落俗套。
",medium
"不知道是我没有注意还是咋回事，我就觉得哈七出了好多以前没有的东西，完全成了哈利波特个人完全的英雄主义，感觉没有逻辑
",medium
"所以总是魔杖拯救哈利喽
",medium
"可以看出作者拼命弥补之前漏洞的努力，但是那些都是硬伤啊，大团圆结局我都看笑了。这套书面向的年龄层果然是小学阶段～
",medium
"结局太不合我意了
",medium
"最后一部写飞了……
",medium
"最后的结局总归是最惹人的书，每个人心中都有每个人心中的结局。可是无论怎样哈利波特陪伴了我们的童年
",medium
"这部太颠覆了。。
",medium
"这一套书读下来到底花了我多少时间啊
",medium
"疯狂地等待了两年或者三年，网上流出的粗糙的机译版本，于是第一时间冲过去看，却不小心被剧透个彻底，完全接受不了半数主角的死亡。大概又过去了两三年，才草草的看完正版，但已经没有激情了。
",medium
"越来越看不下去了 哈利波特冲动易怒任性自以为是怼天怼地怼空气 还能每次都死里逃生 真是主角光环了 好在一切尘埃落定 完整收尾 结局温情感人
",medium
"这是一个时代的结束。
",medium
"烂尾楼。其实还不错。
",medium
"完整但不精彩，离开标志性的校园日常，变成了平庸的英雄冒险；5-7本共同的问题是冗余的对话太多，是好故事但不是好文学
",medium
"也许罗琳在说：终于写完了。
",medium
"尘埃落定，童年回忆
",medium
"没了前几本的利索，不过总算读完了都
",medium
"不知道为什么比较失望
",medium
"斯内普居然是个好人，有点不能接受，不喜欢他
",medium
"我的1-4
",medium
"JK罗琳的写作功底让人不得不佩服
",medium
"真想打一星= =###
",medium
"总觉得哈利波特到后面就不是那个味了
",medium
"唯一记住的是斯内普。
",medium
"是失望的
",medium
"剧情硬伤太多了吧…
",medium
"补标
",medium
"我是真的不喜欢这本啊
",medium
"不是哈利波特的粉丝，斯内普无感。只觉得邓布利多终于像个凡人了。十九年后的罗恩怎么那么搞笑啊……
",medium
"感觉作者就是编不下去了
",medium
"印象不深
",medium
"海德薇和多比也难以幸免。
",medium
"从火焰杯之后的三部我都不太喜欢……为什么到了后期还是要讲大人的故事呢？魔法世界居然与世俗社会没有半点不同……哎，果然突破不了现实生活。
",medium
"没有感觉很震撼。
",medium
"为了写最后一本而写，之前的好多精彩的部分都没有续接上。话说回来，电影倒是拍得最好的一部...
",medium
"因为不可描述的原因，唯一一本看了最多遍的hp
",medium
"哈利波特系列其实挺好的，不管是小说还是电影都不错，只是个人不太喜欢这系列。看完基本上是为凑凑热闹，虽然买了全套正版。
",medium
"双胞胎的结局让玻璃心碎了一地。。
",medium
"经典
",medium
"对这个系列，一直不太认同。看第一集时，是在武汉大学旁的网吧。当时就认为，中国的一般观众对本片不会太欣赏，因为教育与文化背景的差异。很多猫头鹰送信，还算不错；会活动的楼梯，九又四分之三站台，活动的挂画，空中的足球比赛，这些设计简单粗糙。如此的简单粗糙，在各集种都换汤不换药的重复着。
",medium
"这个结尾真的有点收不住了，国王十字车站的说教说服不了我，觉得最后一本罗琳有点力不从心了。也就王子的故事丰满了斯内普的形象吧。
",medium
"是在来说其实没有看书，只是看了电影
",medium
"2020，855。
",medium
"这个年纪再看,这是毁童年,这明明是开挂的哈利波特么.
",medium
"All was well
",medium
"被多比和斯内普感动死了~~~~(>_<)~~~~ 不过真心让我再看一遍其他部分都木得有兴趣看啊，伏地魔死得真快啊
",medium
"斯内普....
",medium
"大哥从一个借书店里每天一块钱租来，用了三天就看完了。因为跳过了中间很多本，这本让我震惊的是xx怎么死了！xx怎么洗白了！的情节突兀感。哈利波特到底是怎么打败伏地魔的……
",medium
"看了头几部的原版小说，看了中间几部的电影，最后用中文版小说补完了。虽然主角光环依旧太明显但后面的剧情和人物塑造还是要好很多，三星到四星之间吧。
",medium
"哈利在圣器和魂器之间的选择、哈利赴死的一段写得较好，高潮部分被复杂的设定解释（大部分没有必要）搞得稀里糊涂。
",medium
"小学初中？
",medium
"流汗，前半本堪称写不出来的时候如何填充字数之典范…
",medium
"挺好看，但其实在关键时刻缺乏张力。
",medium
"写作水平是一部比一部差，没法不爱斯内普。
",medium
"写到最后才强行大量发便当实在有些削弱角色魅力。
",medium
"我看的翻译版本太赶了，有的地方很奇怪。
",medium
"结局还是比较圆满的
",medium
"其实这本有点烂尾
",medium
"很不错的想象
",medium
"太长了 最后的纳威很振奋人心
",medium
"从此作别少年时代。
",medium
"我觉得人生完整了
",medium
"狗血了烂尾了拉郎配了怎么都好，终于完了，真舍不得，多希望你能继续陪我们长大，一直一直。
",medium
"看起来～不是那么好看吔  有点失望
",medium
"结束了，从初中开始的魔法梦……
",medium
"扫尾了。我心爱的角色全灭。。。
",medium
"结局太讨厌了！！！
",medium
"要我来评价这一整套？罗琳开了个美丽而神奇的头，却用草草的几画结了尾。我当然不能说我有更好的构思，然而这系列的最后竟然那样以一场波澜不惊甚至于说平庸的战役结束，也真是让我捉急了。在这一点上我和我挚友的意见一致：罗琳大场面真心写不好。
",medium
"收尾节奏有点快, 出了几个小的剧情混乱
",medium
"不喜欢皆大欢喜的结局……不喜欢
",medium
"为哈7的上映预热~~我88年，初中开始看哈，这部的结束是不是也以为着我们某个时代的终结
",medium
"小学生。
",medium
"它是儿童小说，三星。
",medium
"烂尾
",medium
"看了另一半
",medium
"买了书，看过已经忘了。
",medium
"黑
",medium
"罗跟我换的书
",medium
"七本书越写越沉重，越写越血腥阴暗。不过看到哈利穿过禁林去赴死那段那是很心酸。记得哈利问卢平，死会痛吗？卢平说，放心他们会想马上结束。这种坦然面对他赴死的语气，看得很揪心。最后邓布利多那段有点狗血，不过也是剧情需要，总得有个人来指点迷津。可是这时的邓布利多算什么？又设计死后的范畴了
",medium
"读到第七本都快没气力了,好像作者也是把前边的世界观建立的太大,到后面只好匆匆收尾了,不是很满意
",medium
"伏地魔的死的部分不是很好。很仓促
",medium
"最不愿意看到的，是一本儿童读物，最终变成了黑色。
",medium
"神展开终于完了CP被拆光官配必须无视
",medium
"我最喜欢的人物就这么死了
",medium
"看完没有那么惊喜~
",medium
"记录重读时刻。
",medium
"、、、才想起来我才看了一半
",medium
"其实翻翻豆瓣上的评论，似乎也能看到哈利波特中还是有些写得不错的地方的。也许是我n久才能看一本，又不复习之前的，看得懵懵懂懂，于是只会记得书中拖拖拉拉的无聊吧。
",medium
"可吐槽的太多
",medium
"讨厌这个结局！
",medium
"最后一本写得有点急了
",medium
"作者到最后似乎加速了整个书的过程。
",medium
"最后几本，对我纯属骗钱
",medium
"前半本看得我几近睡死过去，三个臭皮匠不计前嫌重新开始才真正打响战斗。Snape意外地成了全剧最悲情的人物，爱一个女人一辈子最后还得爱她跟自己宿敌的孩子一辈子以至于献出自己的生命。可即使套上这样的英雄光环，Slytherin学院还是难逃一黑到底的命运。另外，Rowling阿姨用长达七本小说的篇幅以一计Hogwarts保卫战收尾再次向读者证明了她笔下的魔法世界=Hogwarts，无误。至于火焰杯中三强争霸打开的小小世界观果然只是个意外。
",medium
"看过的唯二哈利波特
",medium
"1年级
",medium
"我可能是全世界唯一一个没读过前面六本，直接看第七本的人——这都要归功于我那思维很奇怪的父亲，莫名其妙从图书馆借了这本给我。但好在那个时候电影都看过了，基本剧情设定也都理解，但我还是读不进去。我曾经以为是没读过前作的原因，于是特意又去借了魔法石，结果两本都读不进去。每一个角色都叫我厌烦，每一段对话都显得吵闹，每一处描写都不明所以，强忍着看完之后恨不得当场失忆。对不起，罗琳女士，你很成功，是我不配。
",medium
"那么多年的期待 在这里终于画上句号
",medium
"匆促和牵强还是难免的
",medium
"7本里看得最晚的一本，却是印象最淡的一本
",medium
"这个收尾不好……简单粗暴地说，我不喜欢这一部。
",medium
"这个= =
",medium
"有点扯淡
",medium
"魔法情节永不灭
",medium
"虽然结果过于仓促，整体还可以吧~
",medium
"最后的一部小说，从小学追到现在，终于等到结束的那一天，在安静的星期天，我默默的合上了这本书，阳光依然照耀着书台，童年时的幻想也随着成熟而渐渐黯淡。
",medium
"不满意 感觉烂尾了
",medium
"感觉一般...
",medium
"读他就是习惯。
",medium
"七部~才让我最终知道~我还是喜欢那些永远消失的~那个痴情的男人~
",medium
"结局总让人觉得很……遗憾吧
",medium
"谁的方茴还在原地
",medium
"虎头蛇尾的味道
",medium
"一天之内讀完，不只是爲了看最後的結局，可以説是一種習慣，看哈利已成了習慣。。。最受感動的竟是斯内普的對莉莉的真情，還有死法都極其低級。。。
",medium
"伏地魔~
",medium
"邓布利多。。
",medium
"最好的还数火焰杯
",medium
"看著會走神- -
",medium
"算得上结局的结局
",medium
"结尾太注意“民意”，然后写的水准大降。
",medium
"读完就忘记了，实在太tmd长了
",medium
"这本比较让我失望。
",medium
"那些洗白啊
",medium
"感觉和期待还差了点。。不知道为什么
",medium
"我只想说哈利就是最后一个魂器。。 后面基本不好看
",medium
"哈利波特系列的最后一本，感觉从魔法小说变成了青年成长小说。而且这种成长带着长久的伤痛，所幸他们的孩子叫阿不思•西弗勒斯。
",medium
"被真相shock了，看得有点累。为什么让我想起了呼啸山庄！卡瑟琳和西斯克里夫！
",medium
"/07年
",medium
"对于我来说，它只是结局，只是心灵的安定。
",medium
"一册不落的终于看完了，场面和人物开的越来越大，似乎故事情节也该越来越复杂，可惜最后结尾还是有些意料中的小小失望……
",medium
"怀念当时看阿兹卡班的囚徒时候的每章结尾出现的惊喜
",medium
"最后一本最记不得= = .....真的越来越没吸引力的   估计我长大了
",medium
"说真的，波特也够称得上坑队友的了……老魔杖那个地方有点给我绕糊涂了……所以斯内普、纳威又再次比这个大难不死的男孩更打动人心。好喜欢罗恩和赫敏之间的感觉。
",medium
"看到这部时年纪已经大了，没中学时那么有味道了
",medium
"这套书的剧情都忘得差不多了。有印象的是小天狼星和斯内普的死，泪奔
",medium
"后面年纪越来越大了，我接受了我是麻瓜的事实
",medium
"1到6都看了
",medium
"除了HA前4部，后三部却没有刚开始第一本吸引的感觉了。
",medium
"感觉没有第四部精彩，有点草草了事的感觉。
",medium
"没看但标记一下吧。
",medium
"更想读英文原版
",medium
"只有最后一本之只读过1遍... 马尔福还健在~^0^ 可是伏地魔死了 斯内普也死了TAT
",medium
"只有前三部真正好看啊
",medium
"个人觉得没前几部好
",medium
"跟着哈利波特 我们结束了年少啊~
",medium
"结局仓促
",medium
"初中读书回忆系列
",medium
"有点失望
",medium
"JK，一个非常了不起的作家。HP系列结构内容如此周密，实在令人兴奋。拜读英文版后，才发现，其乐无穷。。。
",medium
"冲着结局寻书翻开，因着结局将书合上。成也结局，败也结局。
",medium
"把马尔福写成秃头，不可原谅！
",medium
"上网搜索看的  一激动看得眼睛花了   结局啊  真的是结局么？
",medium
"斯内普很棒
",medium
"电影打卡
",medium
"在图书馆路过，借走
",medium
"四星改成三星. 尾声打零分.
",medium
"我对罗琳女王很有意见……
",medium
"初中借一个朋友的书看的，然而朋友现在已经没有了联系。。。
",medium
"(º﹃º)
",medium
"读过一次，童年回忆
",medium
"一时抽风买了原版，结果就是等到最后一部电影都出完了书还没看完！！
",medium
"麻木了
",medium
"如今读HP早已没有当年的欲罢不能。桑心。
",medium
"我是怎么读完的？我读完了么？ 俺娘把这套书都卖了！5555555
",medium
"诶  说实话有点失望
",medium
"最后一部了，没有前面几部好看，不知道是自己长大了还是作者要匆匆收尾了。还好有西弗勒斯。
",medium
"虽然最后有点模糊、、、
",medium
"不是很喜欢结尾
",medium
"對白太多，結尾沒驚喜
",medium
"哈哈哈哈哈哈哈
",medium
"注水猪肉。。。。
",medium
"幼时的回忆 ……
",medium
"完全没兴趣继续读完
",medium
"觉得过渡的有点快
",medium
"终于完结了
",medium
"经典的终结 从第一本跟到终结 不精妙不会有动力长久的等候 可是最后的瞬间 感到遗憾 过于简单的结局 没多大成长的主角 还后邓不利多 为什么让我知道凤凰涅磐前的模样 ..
",medium
"花了一个晚上终于把它看完了。不知怎麽的总觉得不如以前的好看，是心境变了还是什么的，自己也不清楚。不过觉得最值得看到一段是斯内普的记忆，太让人感动和震撼了，这个男人！
",medium
"匆忙间读的，一般
",medium
"童年的梦啊~
",medium
"熬了几个晚上看完的，魔幻类的书还是不宜在夜晚看，尤其是夜深人静的时候。。。
",medium
"三星因为好多人死了而我不知道哈利是怎么活的
",medium
"不少情节其实没有电影版处理的好，9分过誉了
",medium
"最后一本情节有点冗长啦
",medium
"看了这么多本，结局不可能不预料到吧，没有太惊艳，普通吧
",medium
"越到后面几本就越难看，主要是太长了，无法收尾
",medium
"强行囊括过多主题，强行英雄主义好莱坞
",medium
"个人觉得没之前几部好看
",medium
"设置了这么多的分支和悬念，我以为最后会有一场大混战，没想到处理的这么简单粗暴，又是个人英雄主义战胜邪恶的故事…
",medium
"期待一个很精彩的故事，一个很圆满的结局，结果发现看“哈七”还不如听合同法老师讲课更有意思......
",medium
"有必要下手那么恨吗！？有必要把教授写成一个情圣吗！？【似乎……有必要把= =】
",medium
"印象不深
",medium
"额，小说也能烂尾的感觉。
",medium
"中间扯了一大堆迷有用的
",medium
"终于结尾了。。结尾也完全不出乎意料的让人感到遗憾。
",medium
"生与死的交替,正义与邪恶的斗争
",medium
"总觉得还是前四本比较好，最后的结局我不喜欢。太玄了。
",medium
"只能看一遍
",medium
"童年  和 青春期 的结束。三星是对结局的不满。
",medium
"这套书以第四卷结尾处为分水岭，之前是轻松夸张的英式幽默，之后是压抑肃杀的血腥气息。罗琳野心越来越大，想写出更有深度也更有市场覆盖面的大作，可是我觉得并不成功，人物都变得很单薄，只是在跑地图换任务，哈利波特除了暴躁易怒以外没别的特点，罗恩除了抱怨和听哈利抱怨就没啥存在感。作为类型小说来讲也没问题，只是我觉得配不上这么大的名声和销量。嗯，前期的几本还有点意思。
",medium
"比较失望
",medium
"收官，不习惯的一部作品
",medium
"童年回忆，重看了开头与结尾。斯内普的形象太深刻了
",medium
"经典个人英雄主义
",medium
"感觉告别了很多，再见了，我的魔法世界
",medium
"觉得还是前面的好看
",medium
"不知道是不是自己已经老了，完全没有那么激动了
",medium
"总结一条经验，但凡拍了上下集的电影，上集下载看就足矣了，哈利波特更是这样，上集就是个序，介绍人物之用，还得等一年看下集。
",medium
"我總覺得這結局太強差人意了。
",medium
"去你妹的结局！！
",medium
"主要是中文翻译有点差强人意
",medium
"阿不思•西弗勒斯，你的名字中含有霍格沃茨两位校长的名字。其中一个就是斯莱特林的，而他可能是我见过的最勇敢的人。”
",medium
"这个结局只能三星半…虚假的圆满比不上真实的残酷
",medium
"故事性很强
",medium
"对于结尾，我还是无语
",medium
"长大了就不那么迷了，没看完
",medium
"没想象的差
",medium
"曾经流行
",medium
"说实话， 现在想想 就那样 吧
",medium
"冗长沉闷。
",medium
"收藏癖。一定要集齐全套！
",medium
"结局有点失望~~~~
",medium
"还没回过味来,觉得在霍格沃次的故事更有意思
",medium
"真相大白,但有点仓促......
",medium
"补  初三读的   死亡圣器 魂器设定太有趣  概念却完全荒废  最无聊的哈利波特
",medium
"《哈利波特》此书从神坛走向平凡的最后一步。
",medium
"可能是因为长大了口味变了，这一部都有一种读不下去的感觉，只要是我不喜欢打野
",medium
"可以看看  虽然有点乱
",medium
"死亡圣器，在看了前面那几本之后反而觉得不是很好，有一种美剧特有的圈钱能力不及导致的腰斩感
",medium
"COOOOL
",medium
"只给三星 因为有点太虎头蛇尾 伏地魔死得太容易了 还有 无间斯内普也是作用没有出来 如果可以做得更好些  还有 哈利波特他们三个像是在打游击 罗琳相像中的政变也太容易了 伏地魔上位容易 落地也容易 要么是写的不用心 要么是翻得不用心
",medium
"终结篇自然不会错过
",medium
"偏boring
",medium
"结局很仓促
",medium
"不管怎样，从官方角度说，它完结了。
",medium
"喜欢了很久的那个有S形装饰的饰品，后来才发现那是魂器之一
",medium
"系列 和 写的太长的，真的很容易烂尾
",medium
"前四后三差太多
",medium
"最后一本，时值考研，但仍然读完了。结果觉得很一般，完全没有之前的惊艳了。哈5就非常糟糕，哈6有些起色，最后一本呢，介于二者之间。
",medium
"看着依然想睡觉....
",medium
"哎，八绝对不会再去看了！
",medium
"太长了
",medium
"他对他说 他那么相信你 泪如泉涌
",medium
"总感觉没以前那么爽了！
",medium
"读这本书的时候在初中，不舍伴随着结束
",medium
"一直看下来,越来越没劲,不过最后一本了,陪了我们这么多年..
",medium
"结局有点伤感。毕竟。就此再也没有了每年对哈得期待
",medium
"为什么哈利会和金妮在一起！？
",medium
"o(∩_∩)o...
",medium
"最后一部三人组远离了校园，总觉得少了些以往的味道。
",medium
"唉，书都买了，但是没时间看啊。
",medium
"一定要看!
",medium
"有点遗憾，因为结局还是美满结局，也许罗琳舍不得让他们就这样消逝，那却是也残忍了点。情节貌似和以前的有点类似，例如在霍格沃茨那场大战，毕竟是第七部了
",medium
"精彩的故事。
",medium
"最后一部的情节有些不合理。
",medium
"看过很久了，所以......
",medium
"中规中矩
",medium
"没前几本好看
",medium
"读《哈利波特》有感
",medium
"   《哈利波特》 ——讲述着魔法师（巫师）的故事。看了这套书后，我着迷于哈利，着迷于魔法，但也忘不了这套书给我的教育。
",medium
"    读了此书，我的心情久久不能平静。我为这大难不死的男孩 ——哈利波特深感自豪。这套书讲述了哈利和他的朋友与伏地魔斗争，最终，哈利保护了整个魔法界的的故事。我更加服哈利了。
",medium
"    霍沃茨魔法学校是那么神奇，我希望我也是一名巫师，像哈利或哈利的朋友赫敏那样。但是，我不得不承认，这世界上没有魔法学校。然而，魔法就在我的心中。那些考上清华北大的孩子，能说是他们会魔法，是魔法帮助了他们？不，不是。而是他们心中怀揣着梦想，努力去实现。
",medium
"我道了，真正的魔法，不是魔杖一挥，默念“阿瓦达索命”“倒挂金钟” 或是“呼神护卫”这些魔咒。真正的魔法指的是要心中怀揣梦想，
",medium
"看了几天呢。总之，还算不错啦。
",medium
"只了解了故事而已。结果不出乎意料。数字魔法。
",medium
"几天熬夜一口气重读了七本，至今不能接受哈利和金妮这对CP啊🙅多希望邓布利多在最后复活啊，可惜巫师也还是人。。。
",medium
"一般般
",medium
"一般般
",medium
"读着玩儿吧~
",medium
"童话结束了
",medium
"。jk
",medium
"·。。。 。。。
",medium
"弗雷德兄弟，那对活宝双胞胎，一个只剩一只耳朵，一个再也回不来了
",medium
"我们的内心也变得丰满完整，懂得了友谊的珍贵与勇气的可贵，懂得了爱与坚持！这些是一口气囫囵吞枣读完这部作品的人不可能拥有的感受
",medium
"十年旖旎一梦。最后仓促地落幕了。
",medium
"从小学到高中,历时那么多年,象是一个任务,终是完满结束了.
",medium
"喜欢HP的来看看吧
",medium
"全套的最后一本，一路看下来，虽然觉得有些冗长，有些俗套，但这就是故事的结局。
",medium
"一同成长，阅读已成为习惯
",medium
"斯内普.... @2019-09-21 12:39:36
",medium
"这一部有点凑字数的赶觉
",medium
